{
  "rf_mae": 1.3010379365747422,
  "rf_rmse": 1.6722900918799382,
  "hmm_means": [
    5.345870821518772,
    7.64952387688689,
    8.587763810417426
  ],
  "hmm_transition_mat": [
    [
      0.7174061738865906,
      0.022373757166129535,
      0.2602200689472799
    ],
    [
      0.001242886871968141,
      2.6327158793540963e-05,
      0.9987307859692385
    ],
    [
      0.5933587811226422,
      0.187511079959984,
      0.21913013891737385
    ]
  ],
  "hmm_ordered_states": [
    2,
    0,
    1
  ],
  "memm_accuracy": 0.986046511627907
}