{
  "rf_mae": 1.296112359174974,
  "rf_rmse": 1.6657457043357635,
  "hmm_means": [
    4.872532863681191,
    5.892631132181477,
    8.318666828228023
  ],
  "hmm_transition_mat": [
    [
      0.008037953570874478,
      0.9909138399045069,
      0.0010482065246186208
    ],
    [
      0.4497578109640708,
      0.11176760291195979,
      0.43847458612396945
    ],
    [
      0.3481259192674118,
      0.06028726782586284,
      0.5915868129067252
    ]
  ],
  "hmm_ordered_states": [
    0,
    1,
    2
  ],
  "memm_accuracy": 0.9861751152073732
}